{
  "properties": {
    "connectionReferences": {
      "shared_commondataserviceforapps": {
        "runtimeSource": "embedded",
        "connection": {
          "connectionReferenceLogicalName": "new_sharedcommondataserviceforapps_83c36"
        },
        "api": {
          "name": "shared_commondataserviceforapps"
        }
      },
      "shared_office365": {
        "runtimeSource": "embedded",
        "connection": {
          "connectionReferenceLogicalName": "new_sharedoffice365_a6553"
        },
        "api": {
          "name": "shared_office365"
        }
      }
    },
    "definition": {
      "$schema": "https://schema.management.azure.com/providers/Microsoft.Logic/schemas/2016-06-01/workflowdefinition.json#",
      "contentVersion": "1.0.0.0",
      "parameters": {
        "$connections": {
          "defaultValue": {},
          "type": "Object"
        },
        "$authentication": {
          "defaultValue": {},
          "type": "SecureObject"
        }
      },
      "triggers": {
        "When_a_review_is_submitted": {
          "metadata": {
            "operationMetadataId": "d7eee2ec-81c1-4c2e-bdb0-35c16b1fe0f9"
          },
          "type": "OpenApiConnectionWebhook",
          "inputs": {
            "host": {
              "connectionName": "shared_commondataserviceforapps",
              "operationId": "SubscribeWebhookTrigger",
              "apiId": "/providers/Microsoft.PowerApps/apis/shared_commondataserviceforapps"
            },
            "parameters": {
              "subscriptionRequest/message": 1,
              "subscriptionRequest/entityname": "park_review",
              "subscriptionRequest/scope": 4
            },
            "authentication": "@parameters('$authentication')"
          }
        }
      },
      "actions": {
        "Analyze_positive_or_negative_sentiment_in_text": {
          "runAfter": {},
          "metadata": {
            "operationMetadataId": "166d2445-0fb3-4814-a0a2-6b57b8a72696",
            "flowSystemMetadata": {
              "portalOperationId": "aibuilderpredict_sentimentanalysis",
              "portalOperationGroup": "aibuilder",
              "portalOperationApiDisplayNameOverride": "AI Builder",
              "portalOperationIconOverride": "https://content.powerapps.com/resource/makerx/static/pauto/images/designeroperations/aiBuilderNew.51dbdb6b.png",
              "portalOperationBrandColorOverride": "#0A76C4",
              "portalOperationApiTierOverride": "Standard"
            }
          },
          "type": "OpenApiConnection",
          "inputs": {
            "host": {
              "connectionName": "shared_commondataserviceforapps",
              "operationId": "aibuilderpredict_sentimentanalysis",
              "apiId": "/providers/Microsoft.PowerApps/apis/shared_commondataserviceforapps"
            },
            "parameters": {
              "item/requestv2/language": "en",
              "item/requestv2/text": "@triggerOutputs()?['body/park_comments']"
            },
            "authentication": "@parameters('$authentication')"
          }
        },
        "Send_an_email_(V2)": {
          "runAfter": {
            "Analyze_positive_or_negative_sentiment_in_text": [
              "Succeeded"
            ]
          },
          "metadata": {
            "operationMetadataId": "c72380bf-94dd-4460-91a2-856a8b8650a8"
          },
          "type": "OpenApiConnection",
          "inputs": {
            "host": {
              "connectionName": "shared_office365",
              "operationId": "SendEmailV2",
              "apiId": "/providers/Microsoft.PowerApps/apis/shared_office365"
            },
            "parameters": {
              "emailMessage/To": "admin@D365DemoTS254424.OnMicrosoft.com",
              "emailMessage/Subject": "New park review needs your attention!",
              "emailMessage/Body": "<p>Attention,<br>\n<br>\nA @{outputs('Analyze_positive_or_negative_sentiment_in_text')?['body/responsev2/predictionOutput/result/sentiment']} review was left for one of the parks. View the full comments below.<br>\n<br>\n@{triggerOutputs()?['body/park_comments']}</p>",
              "emailMessage/Importance": "Normal"
            },
            "authentication": "@parameters('$authentication')"
          }
        }
      },
      "outputs": {}
    },
    "templateName": ""
  },
  "schemaVersion": "1.0.0.0"
}